,,"АМОРТИЗАТОРЫ   ""  KYB """,,
54672,"АМОРТИЗАТОРЫ   ""  KYB """,KYB -SPORT(ESK9153L) 551113,6202,Один
54673,"АМОРТИЗАТОРЫ   ""  KYB """,KYB -SPORT(ESK9153R) 551112,6202,Один
54674,"АМОРТИЗАТОРЫ   ""  KYB """,KYB -SPORT(ESK9154),6202,Мало
25530,"АМОРТИЗАТОРЫ   ""  KYB """,KYB -SPORT(NSF1027),2664,Мало
25529,"АМОРТИЗАТОРЫ   ""  KYB """,KYB -SPORT(NSF1028),2664,Мало
25550,"АМОРТИЗАТОРЫ   ""  KYB """,KYB -SPORT(NSF9062) (341176),2652,Мало
43377,"АМОРТИЗАТОРЫ   ""  TOKICO """,TOKICO  E 3740  TO LC90 rear (344288),780,Один
43377,"АМОРТИЗАТОРЫ   ""  TOKICO """,TOKICO    TO LC90 rear (344288)E 3741,780,Один
43279,"АМОРТИЗАТОРЫ   ""  TOKICO """,TOKICO  E 3789  стойка MZ CX9  3.5  07- задн,1062,Мало
50258,"АМОРТИЗАТОРЫ   ""  TOKICO ""","TOKICO  E 3594 (344346/444150/554105) MI L200/Forte/Triton K66T [3.0 V6 2WD],KT74/75 4WD 96",545,Нет
51202,"АМОРТИЗАТОРЫ   ""  TOKICO """,TOKICO  E 20012,1503,Мало
14695,"АМОРТИЗАТОРЫ   ""  TOKICO """,TOKICO  А 1070  стойка DAIHATSU CHARADE (333170),1320,Один
14688,"АМОРТИЗАТОРЫ   ""  TOKICO """,TOKICO 3068/3178/3267/3530/3365 (KYB343153/214/ 344015/100/ 443149/444040/553084/143/554075/118...,520,Мало
